{
    "zs_d5": {
        "'shared_computation'": 0.0001765830020303838,
        "'part_1'": 1.0749998182291165e-05,
        "'part_2'": 3.3299875212833285e-07,
        "'total_computation'": 0.0002013749981415458
    }
}